-- CREATE DATABASE  IF NOT EXISTS `01_module_b` /*!40100 DEFAULT CHARACTER SET utf8mb4 COLLATE utf8mb4_general_ci */;
-- USE `01_module_b`;
-- MySQL dump 10.13  Distrib 8.0.46, for Win64 (x86_64)
--
-- Host: 127.0.0.1    Database: 01_module_b
-- ------------------------------------------------------
-- Server version	5.5.5-10.4.32-MariaDB

/*!40101 SET @OLD_CHARACTER_SET_CLIENT=@@CHARACTER_SET_CLIENT */;
/*!40101 SET @OLD_CHARACTER_SET_RESULTS=@@CHARACTER_SET_RESULTS */;
/*!40101 SET @OLD_COLLATION_CONNECTION=@@COLLATION_CONNECTION */;
/*!50503 SET NAMES utf8 */;
/*!40103 SET @OLD_TIME_ZONE=@@TIME_ZONE */;
/*!40103 SET TIME_ZONE='+00:00' */;
/*!40014 SET @OLD_UNIQUE_CHECKS=@@UNIQUE_CHECKS, UNIQUE_CHECKS=0 */;
/*!40014 SET @OLD_FOREIGN_KEY_CHECKS=@@FOREIGN_KEY_CHECKS, FOREIGN_KEY_CHECKS=0 */;
/*!40101 SET @OLD_SQL_MODE=@@SQL_MODE, SQL_MODE='NO_AUTO_VALUE_ON_ZERO' */;
/*!40111 SET @OLD_SQL_NOTES=@@SQL_NOTES, SQL_NOTES=0 */;

--
-- Table structure for table `categories`
--

DROP TABLE IF EXISTS `categories`;
/*!40101 SET @saved_cs_client     = @@character_set_client */;
/*!50503 SET character_set_client = utf8mb4 */;
CREATE TABLE `categories` (
  `id` bigint(20) unsigned NOT NULL AUTO_INCREMENT,
  `name` varchar(255) NOT NULL,
  PRIMARY KEY (`id`)
) ENGINE=InnoDB AUTO_INCREMENT=5 DEFAULT CHARSET=utf8mb4 COLLATE=utf8mb4_general_ci;
/*!40101 SET character_set_client = @saved_cs_client */;

--
-- Dumping data for table `categories`
--

LOCK TABLES `categories` WRITE;
/*!40000 ALTER TABLE `categories` DISABLE KEYS */;
INSERT INTO `categories` VALUES (1,'luxury'),(2,'food'),(3,'hand_made'),(4,'eco_friendly');
/*!40000 ALTER TABLE `categories` ENABLE KEYS */;
UNLOCK TABLES;

--
-- Table structure for table `companies`
--

DROP TABLE IF EXISTS `companies`;
/*!40101 SET @saved_cs_client     = @@character_set_client */;
/*!50503 SET character_set_client = utf8mb4 */;
CREATE TABLE `companies` (
  `id` bigint(20) unsigned NOT NULL AUTO_INCREMENT,
  `name` varchar(255) NOT NULL,
  `address` text NOT NULL,
  `telephone` varchar(255) NOT NULL,
  `email` varchar(255) NOT NULL,
  `owner_id` bigint(20) unsigned DEFAULT NULL,
  `contact_id` bigint(20) unsigned DEFAULT NULL,
  `active` tinyint(4) DEFAULT 1,
  PRIMARY KEY (`id`),
  KEY `fk_companies_owners_idx` (`owner_id`),
  KEY `fk_companies_contacts_copy11_idx` (`contact_id`),
  CONSTRAINT `fk_companies_contacts_copy11` FOREIGN KEY (`contact_id`) REFERENCES `contacts` (`id`) ON DELETE NO ACTION ON UPDATE NO ACTION,
  CONSTRAINT `fk_companies_owners` FOREIGN KEY (`owner_id`) REFERENCES `owners` (`id`) ON DELETE NO ACTION ON UPDATE NO ACTION
) ENGINE=InnoDB AUTO_INCREMENT=8 DEFAULT CHARSET=utf8mb4 COLLATE=utf8mb4_general_ci;
/*!40101 SET character_set_client = @saved_cs_client */;

--
-- Dumping data for table `companies`
--

LOCK TABLES `companies` WRITE;
/*!40000 ALTER TABLE `companies` DISABLE KEYS */;
INSERT INTO `companies` VALUES (1,'Innovateurs Tech SARL','123 Boulevard du Silicon 75001 Paris','+33 1 23 45 67 89','info@innovateurstech.fr',1,1,1),(2,'Solutions Vertes SAS','456 Parc 脙鈥癱o 69002 Lyon','+33 4 56 78 90 12','contact@solutionsvertes.fr',2,2,1),(3,'Designs Urbains SARL','789 Avenue M脙漏tropolitaine 13001 Marseille','+33 4 12 34 56 78','support@designsurbains.fr',3,3,1),(4,'Cuisine Innovante SARL','22 Rue de la Cuisine 75005 Paris','+33 1 40 20 30 40','info@cuisineinnovante.fr',4,4,1),(5,'脙鈥皀ergies Renouvelables SAS','15 Chemin Vert 31000 Toulouse','+33 5 61 23 45 67','contact@energiesrenouvelables.fr',5,5,1),(6,'Technologie Avanc脙漏e SARL','9 Rue de la Science 59800 Lille','+33 3 20 15 25 35','support@technologieavancee.fr',6,6,1),(7,'Artisanat Moderne SAS','28 Avenue de l\'Artisanat 67000 Strasbourg','+33 3 88 10 20 30','info@artisanatmoderne.fr',7,7,1);
/*!40000 ALTER TABLE `companies` ENABLE KEYS */;
UNLOCK TABLES;

--
-- Table structure for table `contacts`
--

DROP TABLE IF EXISTS `contacts`;
/*!40101 SET @saved_cs_client     = @@character_set_client */;
/*!50503 SET character_set_client = utf8mb4 */;
CREATE TABLE `contacts` (
  `id` bigint(20) unsigned NOT NULL AUTO_INCREMENT,
  `name` varchar(255) NOT NULL,
  `mobile` varchar(255) NOT NULL,
  `email` varchar(255) NOT NULL,
  PRIMARY KEY (`id`)
) ENGINE=InnoDB AUTO_INCREMENT=8 DEFAULT CHARSET=utf8mb4 COLLATE=utf8mb4_general_ci;
/*!40101 SET character_set_client = @saved_cs_client */;

--
-- Dumping data for table `contacts`
--

LOCK TABLES `contacts` WRITE;
/*!40000 ALTER TABLE `contacts` DISABLE KEYS */;
INSERT INTO `contacts` VALUES (1,'Bob Martin','+33 6 98 76 54 32','bob.martin@innovateurstech.fr'),(2,'Tom Dubois','+33 6 87 65 43 21','tom.dubois@solutionsvertes.fr'),(3,'Emily Moreau','+33 6 54 32 10 98','emily.moreau@designsurbains.fr'),(4,'Chloe Dubois','+33 6 55 44 33 22','chloe.dubois@cuisineinnovante.fr'),(5,'Paul Leroy','+33 6 66 77 88 99','paul.leroy@energiesrenouvelables.fr'),(6,'Isabelle Thomas','+33 6 44 55 66 77','isabelle.thomas@technologieavancee.fr'),(7,'Julien Rousseau','+33 6 77 66 55 44','julien.rousseau@artisanatmoderne.fr');
/*!40000 ALTER TABLE `contacts` ENABLE KEYS */;
UNLOCK TABLES;

--
-- Table structure for table `owners`
--

DROP TABLE IF EXISTS `owners`;
/*!40101 SET @saved_cs_client     = @@character_set_client */;
/*!50503 SET character_set_client = utf8mb4 */;
CREATE TABLE `owners` (
  `id` bigint(20) unsigned NOT NULL AUTO_INCREMENT,
  `name` varchar(255) NOT NULL,
  `mobile` varchar(255) NOT NULL,
  `email` varchar(255) NOT NULL,
  PRIMARY KEY (`id`)
) ENGINE=InnoDB AUTO_INCREMENT=8 DEFAULT CHARSET=utf8mb4 COLLATE=utf8mb4_general_ci;
/*!40101 SET character_set_client = @saved_cs_client */;

--
-- Dumping data for table `owners`
--

LOCK TABLES `owners` WRITE;
/*!40000 ALTER TABLE `owners` DISABLE KEYS */;
INSERT INTO `owners` VALUES (1,'Alice Dupont','+33 6 12 34 56 78','alice.dupont@innovateurstech.fr'),(2,'Sarah Lefevre','+33 6 23 45 67 89','sarah.lefevre@solutionsvertes.fr'),(3,'Michael Petit','+33 6 34 56 78 90','michael.petit@designsurbains.fr'),(4,'Jean Martin','+33 6 11 22 33 44','jean.martin@cuisineinnovante.fr'),(5,'Louise Garnier','+33 6 77 88 99 00','louise.garnier@energiesrenouvelables.fr'),(6,'Luc Bernard','+33 6 33 44 55 66','luc.bernard@technologieavancee.fr'),(7,'Emma Morel','+33 6 22 33 44 55','emma.morel@artisanatmoderne.fr');
/*!40000 ALTER TABLE `owners` ENABLE KEYS */;
UNLOCK TABLES;

--
-- Table structure for table `products`
--

DROP TABLE IF EXISTS `products`;
/*!40101 SET @saved_cs_client     = @@character_set_client */;
/*!50503 SET character_set_client = utf8mb4 */;
CREATE TABLE `products` (
  `id` bigint(20) unsigned NOT NULL AUTO_INCREMENT,
  `gtin` varchar(14) DEFAULT NULL,
  `name` varchar(255) NOT NULL,
  `french_name` varchar(255) NOT NULL,
  `description` text NOT NULL,
  `french_description` text NOT NULL,
  `brand` varchar(45) NOT NULL,
  `category_id` bigint(20) unsigned DEFAULT NULL,
  `country` varchar(45) NOT NULL,
  `gross_weight` decimal(6,2) NOT NULL,
  `net_weight` decimal(6,2) NOT NULL,
  `weight_unit` varchar(255) NOT NULL,
  `image` text DEFAULT NULL,
  `hidden` tinyint(4) DEFAULT 0,
  `company_id` bigint(20) unsigned DEFAULT NULL,
  PRIMARY KEY (`id`),
  UNIQUE KEY `gtin_UNIQUE` (`gtin`),
  KEY `fk_products_categories1_idx` (`category_id`),
  KEY `fk_products_companies1_idx` (`company_id`),
  CONSTRAINT `fk_products_categories1` FOREIGN KEY (`category_id`) REFERENCES `categories` (`id`) ON DELETE NO ACTION ON UPDATE NO ACTION,
  CONSTRAINT `fk_products_companies1` FOREIGN KEY (`company_id`) REFERENCES `companies` (`id`) ON DELETE NO ACTION ON UPDATE NO ACTION
) ENGINE=InnoDB AUTO_INCREMENT=58 DEFAULT CHARSET=utf8mb4 COLLATE=utf8mb4_general_ci;
/*!40101 SET character_set_client = @saved_cs_client */;

--
-- Dumping data for table `products`
--

LOCK TABLES `products` WRITE;
/*!40000 ALTER TABLE `products` DISABLE KEYS */;
INSERT INTO `products` VALUES (1,'37900123458228','French Herb and Lemon Infused Olive Oil','Huile d\'olive infus脙漏e aux herbes et au citron fran脙搂ais','Add a touch of freshness to your dishes with our French herb and lemon infused olive oil, featuring a blend of fragrant herbs and citrus.','Ajoutez une touche de fra脙庐cheur 脙聽 vos plats avec notre huile d\'olive infus脙漏e aux herbes fran脙搂aises et au citron, compos脙漏e d\'un m脙漏lange d\'herbes parfum脙漏es et d\'agrumes.','Huiles de France',1,'France',0.50,0.40,'g',NULL,0,1),(2,'37900123458345','Artisanal French Quiche Lorraine Tartlets','Tartelettes de quiche lorraine artisanale fran脙搂aise','Indulge in the rich flavors of France with our artisanal quiche Lorraine tartlets, featuring a blend of creamy eggs and cheese.','Laissez-vous tenter par les riches saveurs de la France avec nos tartelettes artisanales 脙聽 la quiche lorraine, compos脙漏es d\'un m脙漏lange d\'脜鈥渦fs cr脙漏meux et de fromage.','P脙垄tisseries Artisanales',2,'France',1.20,0.80,'g',NULL,0,2),(3,'37900123458462','French Lavender and Honey Body Scrub','Exfoliant corporel 脙聽 la lavande et au miel fran脙搂ais','Exfoliate your skin with our French lavender and honey body scrub, featuring a soothing blend of fragrant herbs and citrus.','Exfoliez votre peau avec notre gommage corporel 脙聽 la lavande fran脙搂aise et au miel, compos脙漏 d\'un m脙漏lange apaisant d\'herbes parfum脙漏es et d\'agrumes.','Soins Corporels de France',3,'France',0.60,0.50,'g',NULL,0,3),(4,'37900123458579','French Apple and Cinnamon Crumble Mix','M脙漏lange de crumble aux pommes et au cannelle fran脙搂ais','Warm up with our French apple and cinnamon crumble mix, featuring a blend of fresh spices perfect for a comforting dessert.','R脙漏chauffez-vous avec notre m脙漏lange de crumble aux pommes et 脙聽 la cannelle fran脙搂aise, compos脙漏 d\'un m脙漏lange d\'脙漏pices fra脙庐ches, parfait pour un dessert r脙漏confortant.','Dessert脙篓s de France',4,'France',0.80,0.60,'g',NULL,0,4),(5,'37900123458696','Artisanal French Creamy Garlic Dip','M脙漏lange de dip aux aromes et 脙聽 la cr脙篓me fran脙搂aise','Savor the rich flavors of France with our artisanal creamy garlic dip, featuring a blend of fresh herbs and spices.','Savourez les riches saveurs de la France avec notre trempette cr脙漏meuse 脙聽 l\'ail artisanale, compos脙漏e d\'un m脙漏lange d\'herbes fra脙庐ches et d\'脙漏pices.','Fromages Artisanales',1,'France',0.60,0.50,'g',NULL,0,5),(6,'37900123458713','French Berry Jam','Confiture de fruits rouges fran脙搂ais','Enjoy the sweetness of France with our French berry jam, featuring a blend of juicy fruits.','Appr脙漏ciez la douceur de la France avec notre confiture de baies fran脙搂aises, compos脙漏e d\'un m脙漏lange de fruits juteux.','Jams de France',2,'France',0.70,0.55,'g',NULL,0,6),(7,'37900123458830','Artisanal French Feta Cheese','Fromage feta artisanale fran脙搂ais','Savor the rich flavors of Greece in France with our artisanal feta cheese, featuring a blend of creamy milk and herbs.','Savourez les riches saveurs de la Gr脙篓ce en France avec notre fromage feta artisanal, compos脙漏 d\'un m脙漏lange de lait cr脙漏meux et d\'herbes.','Fromages Artisanales',3,'France',1.00,0.85,'g',NULL,0,7),(8,'37900123458947','French Herb and Garlic Sausages','Saucisses aux herbes et 脙聽 l\'ail fran脙搂ais','Indulge in the rich flavors of France with our French herb and garlic sausages, featuring a blend of fragrant herbs and spices.','Laissez-vous tenter par les riches saveurs de la France avec nos saucisses fran脙搂aises aux herbes et 脙聽 l\'ail, compos脙漏es d\'un m脙漏lange d\'herbes parfum脙漏es et d\'脙漏pices.','Charcuterie de France',4,'France',1.20,0.90,'g',NULL,0,1),(9,'37900123459064','French Apple Tart','Tarte tatin aux pommes fran脙搂aise','Enjoy the sweetness of France with our French apple tart, featuring a blend of juicy fruits and creamy pastry.','Savourez la douceur de la France avec notre tarte aux pommes fran脙搂aise, compos脙漏e d\'un m脙漏lange de fruits juteux et de p脙垄tisserie cr脙漏meuse.','P脙垄tisseries Artisanales',1,'France',1.00,0.85,'g',NULL,0,2),(10,'37900123459171','Artisanal French Cream Cheese','Fromage 脙聽 la cr脙篓me artisanale fran脙搂ais','Savor the rich flavors of France with our artisanal cream cheese, featuring a blend of creamy milk and herbs.','Savourez les riches saveurs de la France avec notre fromage 脙聽 la cr脙篓me artisanal, compos脙漏 d\'un m脙漏lange de lait cr脙漏meux et d\'herbes.','Fromages Artisanales',2,'France',0.60,0.50,'g',NULL,0,3),(11,'37900123459288','French Herb and Lemon Marmalade','Marmelade aux herbes et au citron fran脙搂ais','Enjoy the sweetness of France with our French herb and lemon marmalade, featuring a blend of fragrant herbs and citrus.','Savourez la douceur de la France avec notre marmelade d\'herbes et de citron fran脙搂aise, compos脙漏e d\'un m脙漏lange d\'herbes parfum脙漏es et d\'agrumes.','Jams de France',3,'France',0.70,0.55,'g',NULL,0,4),(12,'37900123459395','Artisanal French Goat Cheese','Fromage ch脙篓vre artisanale fran脙搂ais','Savor the rich flavors of France with our artisanal goat cheese, featuring a blend of creamy milk and herbs.','Savourez les riches saveurs de la France avec notre fromage de ch脙篓vre artisanal, compos脙漏 d\'un m脙漏lange de lait cr脙漏meux et d\'herbes.','Fromages Artisanales',4,'France',1.00,0.85,'g',NULL,0,5),(13,'37900123459412','French Apple Cider','Cidre aux pommes fran脙搂ais','Enjoy the sweetness of France with our French apple cider, featuring a blend of juicy fruits and spices.','Savourez la douceur de la France avec notre cidre de pomme fran脙搂ais, compos脙漏 d\'un m脙漏lange de fruits juteux et d\'脙漏pices.','Bieres de France',1,'France',0.80,0.60,'g',NULL,0,6),(14,'37900123459529','Artisanal French Creamy Cheese Dip','M脙漏lange de dip 脙聽 la cr脙篓me fran脙搂aise','Savor the rich flavors of France with our artisanal creamy cheese dip, featuring a blend of fresh herbs and spices.','Savourez les riches saveurs de la France avec notre trempette au fromage cr脙漏meuse artisanale, compos脙漏e d\'un m脙漏lange d\'herbes fra脙庐ches et d\'脙漏pices.','Fromages Artisanales',2,'France',0.60,0.50,'g',NULL,0,7),(15,'37900123459646','French Herb and Garlic Sauce','Sauce aux herbes et 脙聽 l\'ail fran脙搂aise','Enjoy the richness of France with our French herb and garlic sauce, featuring a blend of fragrant herbs and spices.','Savourez la richesse de la France avec notre sauce aux herbes et 脙聽 l\'ail fran脙搂aise, compos脙漏e d\'un m脙漏lange d\'herbes parfum脙漏es et d\'脙漏pices.','Charcuterie de France',3,'France',1.00,0.85,'g',NULL,0,1),(16,'37900123459763','Artisanal French Cream Cheese Spread','Fromage 脙聽 la cr脙篓me artisanale fran脙搂aise pour tartiner','Savor the rich flavors of France with our artisanal cream cheese spread, featuring a blend of creamy milk and herbs.','Savourez les riches saveurs de la France avec notre tartinade de fromage 脙聽 la cr脙篓me artisanale, compos脙漏e d\'un m脙漏lange de lait cr脙漏meux et d\'herbes.','Fromages Artisanales',4,'France',0.60,0.50,'g',NULL,0,2),(17,'37900123459870','French Apple Compote','Compote de pommes fran脙搂aise','Enjoy the sweetness of France with our French apple compote, featuring a blend of juicy fruits and spices.','Savourez la douceur de la France avec notre compote de pommes fran脙搂aise, compos脙漏e d\'un m脙漏lange de fruits juteux et d\'脙漏pices.','Dessert脙篓s de France',1,'France',0.70,0.55,'g',NULL,0,3),(18,'37900234567890','Eco-Friendly Reusable Water Bottle','Bouteille d\'eau r脙漏utilisable et 脙漏cologique','Stay hydrated and reduce plastic waste with our eco-friendly reusable water bottle, featuring a BPA-free design.','Restez hydrat脙漏 et r脙漏duisez les d脙漏chets plastiques avec notre bouteille d\'eau r脙漏utilisable respectueuse de l\'environnement, dot脙漏e d\'une conception sans BPA.','HydroFlow',1,'USA',0.30,0.20,'g',NULL,0,4),(19,'37900234567907','Artisanal Handmade Soap Set','Ensemble de savons artisanaux faits 脙聽 la main','Nourish your skin with our artisanal handmade soap set, featuring a blend of natural ingredients and essential oils.','Nourrissez votre peau avec notre ensemble de savons artisanaux faits 脙聽 la main, contenant un m脙漏lange d\'ingr脙漏dients naturels et d\'huiles essentielles.','Purezza',2,'Italy',0.60,0.50,'g',NULL,0,5),(20,'37900234568024','French Luxury Candles Set','Ensemble de bougies de luxe fran脙搂aises','Illuminate your space with our French luxury candles set, featuring a collection of scented candles in elegant packaging.','Illuminez votre espace avec notre coffret de bougies de luxe fran脙搂aises, comprenant une collection de bougies parfum脙漏es dans un emballage 脙漏l脙漏gant.','Cierges de France',3,'France',1.00,0.85,'g',NULL,0,6),(21,'37900234568141','Eco-Friendly Bamboo Toothbrush Set','Ensemble de brosses 脙聽 dents en bambou 脙漏cologiques','Brush your teeth and reduce waste with our eco-friendly bamboo toothbrush set, featuring a set of biodegradable toothbrushes and replaceable heads.','Brossez-vous les dents et r脙漏duisez les d脙漏chets avec notre ensemble de brosses 脙聽 dents en bambou respectueux de l\'environnement, comprenant un ensemble de brosses 脙聽 dents biod脙漏gradables et des t脙陋tes rempla脙搂ables.','Teeth & Smile',4,'Indonesia',0.20,0.10,'g',NULL,0,7),(22,'37900234568258','Artisanal Handmade Jewelry Box','Coffret 脙聽 bijoux artisanal fait 脙聽 la main','Store your treasured jewelry in style with our artisanal handmade jewelry box, featuring a beautifully crafted wooden design.','Rangez vos pr脙漏cieux bijoux avec style gr脙垄ce 脙聽 notre bo脙庐te 脙聽 bijoux artisanale faite 脙聽 la main, dot脙漏e d\'un design en bois magnifiquement con脙搂u.','JewelBox',1,'Mexico',0.50,0.40,'g',NULL,0,1),(23,'37900234568375','Luxury Essential Oil Diffuser','Diffuseur d\'huiles essentielles de luxe','Pamper yourself with the scent of luxury essential oils using our luxury essential oil diffuser, featuring a stylish and modern design.','Faites-vous plaisir avec le parfum des huiles essentielles de luxe en utilisant notre diffuseur d\'huiles essentielles de luxe, dot脙漏 d\'un design 脙漏l脙漏gant et moderne.','Aromaflo',2,'Australia',1.00,0.85,'g',NULL,0,2),(24,'37900234568492','Eco-Friendly Reusable Shopping Bag Set','Ensemble de sacs de courses r脙漏utilisables et 脙漏cologiques','Reduce plastic waste and go green with our eco-friendly reusable shopping bag set, featuring a set of durable cotton bags and recycled material handles.','R脙漏duisez les d脙漏chets plastiques et passez au vert avec notre ensemble de sacs de courses r脙漏utilisables respectueux de l\'environnement, comprenant un ensemble de sacs en coton durables et des poign脙漏es en mat脙漏riaux recycl脙漏s.','GreenEarth',3,'UK',0.50,0.40,'g',NULL,0,3),(25,'37900234568509','Artisanal Handmade Home Fragrance Spray','Spray de parfum d\'ambiance artisanal fait 脙聽 la main','Freshen up your home with our artisanal handmade home fragrance spray, featuring a blend of natural ingredients and essential oils.','Rafra脙庐chissez votre maison avec notre spray parfum脙漏 d\'int脙漏rieur artisanal fait 脙聽 la main, contenant un m脙漏lange d\'ingr脙漏dients naturels et d\'huiles essentielles.','Purezza',4,'Italy',0.20,0.10,'g',NULL,0,4),(26,'37900234568626','French Luxury Aromatherapy Set','Ensemble d\'aromath脙漏rapie de luxe fran脙搂ais','Pamper yourself with the scent of luxury aromatherapy using our French luxury aromatherapy set, featuring a collection of scented candles and essential oils.','Faites-vous plaisir avec le parfum de l\'aromath脙漏rapie de luxe gr脙垄ce 脙聽 notre coffret d\'aromath脙漏rapie de luxe fran脙搂ais, comprenant une collection de bougies parfum脙漏es et d\'huiles essentielles.','Cierges de France',1,'France',1.00,0.85,'g',NULL,0,5),(27,'37900234568733','Eco-Friendly Reusable Lunch Box Set','Ensemble de bo脙庐tes 脙聽 lunch r脙漏utilisables et 脙漏cologiques','Pack your lunch in style and reduce waste with our eco-friendly reusable lunch box set, featuring a set of durable cotton bags and recycled material handles.','Emballez votre d脙漏jeuner avec style et r脙漏duisez les d脙漏chets gr脙垄ce 脙聽 notre coffret 脙聽 lunch r脙漏utilisable respectueux de l\'environnement, comprenant un ensemble de sacs en coton durables et des poign脙漏es en mat脙漏riaux recycl脙漏s.','GreenEarth',2,'UK',0.50,0.40,'g',NULL,0,6),(28,'37900234568850','Artisanal Handmade Stationery Set','Ensemble de papeterie artisanale faite 脙聽 la main','Stay organized and creative with our artisanal handmade stationery set, featuring a collection of handmade notebooks, pens, and pencils.','Restez organis脙漏 et cr脙漏atif avec notre ensemble de papeterie artisanale faite 脙聽 la main, comprenant une collection de cahiers, de stylos et de crayons faits 脙聽 la main.','PaperCraft',3,'USA',0.30,0.20,'g',NULL,0,7),(29,'37900234568967','Luxury Wall Art Print Set','Ensemble d\'impressions murales de luxe','Add some style to your walls with our luxury wall art print set, featuring a collection of high-quality prints from around the world.','Ajoutez du style 脙聽 vos murs avec notre ensemble d\'impressions murales de luxe, comprenant une collection d\'impressions de haute qualit脙漏 du monde entier.','ArtScene',4,'Canada',1.00,0.85,'g',NULL,0,1),(30,'37900234569084','Eco-Friendly Reusable Phone Case Set','Ensemble de coques de t脙漏l脙漏phone r脙漏utilisables et 脙漏cologiques','Protect your phone and reduce waste with our eco-friendly reusable phone case set, featuring a set of durable cotton cases and recycled material inserts.','Prot脙漏gez votre t脙漏l脙漏phone et r脙漏duisez les d脙漏chets avec notre ensemble de coques de t脙漏l脙漏phone r脙漏utilisables respectueuses de l\'environnement, comprenant un ensemble de coques en coton durables et d\'inserts en mat脙漏riaux recycl脙漏s.','GreenEarth',1,'UK',0.50,0.40,'g',NULL,0,2),(31,'37900234569101','Artisanal Handmade Bookmarks Set','Ensemble de marque-pages artisanaux faits 脙聽 la main','Mark your favorite pages in style with our artisanal handmade bookmarks set, featuring a collection of handmade bookmarks and book lights.','Marquez vos pages pr脙漏f脙漏r脙漏es avec style avec notre ensemble de marque-pages artisanaux faits 脙聽 la main, comprenant une collection de marque-pages et de lampes de lecture faits 脙聽 la main.','PageTurner',2,'Mexico',0.20,0.10,'g',NULL,0,3),(32,'37900234569218','French Luxury Desk Accessory Set','Ensemble d\'accessoires de bureau de luxe fran脙搂ais','Elevate your workspace with our French luxury desk accessory set, featuring a collection of scented candles, essential oils, and handmade stationery.','Am脙漏liorez votre espace de travail avec notre ensemble d\'accessoires de bureau de luxe fran脙搂ais, comprenant une collection de bougies parfum脙漏es, d\'huiles essentielles et de papeterie faite 脙聽 la main.','Cierges de France',3,'France',1.00,0.85,'g',NULL,0,4),(33,'37900234569335','Eco-Friendly Reusable Travel Bag Set','Ensemble de sacs de voyage r脙漏utilisables et 脙漏cologiques','Travel in style and reduce waste with our eco-friendly reusable travel bag set, featuring a set of durable cotton bags and recycled material handles.','Voyagez avec style et r脙漏duisez les d脙漏chets avec notre ensemble de sacs de voyage r脙漏utilisables respectueux de l\'environnement, comprenant un ensemble de sacs en coton durables et de poign脙漏es en mat脙漏riaux recycl脙漏s.','GreenEarth',4,'UK',0.50,0.40,'g',NULL,0,5),(34,'37900234569452','Artisanal Handmade Wall Hanging Set','Ensemble de tentures murales artisanales faites 脙聽 la main','Add some handmade charm to your walls with our artisanal handmade wall hanging set, featuring a collection of hand-painted ceramics and natural fibers.','Ajoutez un peu de charme artisanal 脙聽 vos murs avec notre ensemble de tentures murales artisanales faites 脙聽 la main, comprenant une collection de c脙漏ramiques peintes 脙聽 la main et de fibres naturelles.','WallDecor',1,'Italy',1.00,0.85,'g',NULL,0,6);
/*!40000 ALTER TABLE `products` ENABLE KEYS */;
UNLOCK TABLES;

--
-- Table structure for table `reviews`
--

DROP TABLE IF EXISTS `reviews`;
/*!40101 SET @saved_cs_client     = @@character_set_client */;
/*!50503 SET character_set_client = utf8mb4 */;
CREATE TABLE `reviews` (
  `id` bigint(20) unsigned NOT NULL AUTO_INCREMENT,
  `review` text DEFAULT NULL,
  `rating` int(11) DEFAULT NULL,
  `products_id` bigint(20) unsigned DEFAULT NULL,
  `users_id` bigint(20) unsigned DEFAULT NULL,
  PRIMARY KEY (`id`),
  KEY `fk_reviews_products1_idx` (`products_id`),
  KEY `fk_reviews_users1_idx` (`users_id`),
  CONSTRAINT `fk_reviews_products1` FOREIGN KEY (`products_id`) REFERENCES `products` (`id`) ON DELETE NO ACTION ON UPDATE NO ACTION,
  CONSTRAINT `fk_reviews_users1` FOREIGN KEY (`users_id`) REFERENCES `users` (`id`) ON DELETE NO ACTION ON UPDATE NO ACTION
) ENGINE=InnoDB DEFAULT CHARSET=utf8mb4 COLLATE=utf8mb4_general_ci;
/*!40101 SET character_set_client = @saved_cs_client */;

--
-- Dumping data for table `reviews`
--

LOCK TABLES `reviews` WRITE;
/*!40000 ALTER TABLE `reviews` DISABLE KEYS */;
/*!40000 ALTER TABLE `reviews` ENABLE KEYS */;
UNLOCK TABLES;

--
-- Table structure for table `users`
--

DROP TABLE IF EXISTS `users`;
/*!40101 SET @saved_cs_client     = @@character_set_client */;
/*!50503 SET character_set_client = utf8mb4 */;
CREATE TABLE `users` (
  `id` bigint(20) unsigned NOT NULL AUTO_INCREMENT,
  `name` varchar(255) NOT NULL,
  `email` varchar(255) NOT NULL,
  `email_verified_at` timestamp NOT NULL DEFAULT current_timestamp() ON UPDATE current_timestamp(),
  `password` varchar(255) NOT NULL,
  `remember_token` varchar(255) NOT NULL,
  `created_at` timestamp NULL DEFAULT NULL,
  `updated_at` timestamp NULL DEFAULT NULL,
  `avatar` text DEFAULT NULL,
  `username` bigint(50) NOT NULL,
  PRIMARY KEY (`id`)
) ENGINE=InnoDB DEFAULT CHARSET=utf8mb4 COLLATE=utf8mb4_general_ci;
/*!40101 SET character_set_client = @saved_cs_client */;

--
-- Dumping data for table `users`
--

LOCK TABLES `users` WRITE;
/*!40000 ALTER TABLE `users` DISABLE KEYS */;
/*!40000 ALTER TABLE `users` ENABLE KEYS */;
UNLOCK TABLES;
/*!40103 SET TIME_ZONE=@OLD_TIME_ZONE */;

/*!40101 SET SQL_MODE=@OLD_SQL_MODE */;
/*!40014 SET FOREIGN_KEY_CHECKS=@OLD_FOREIGN_KEY_CHECKS */;
/*!40014 SET UNIQUE_CHECKS=@OLD_UNIQUE_CHECKS */;
/*!40101 SET CHARACTER_SET_CLIENT=@OLD_CHARACTER_SET_CLIENT */;
/*!40101 SET CHARACTER_SET_RESULTS=@OLD_CHARACTER_SET_RESULTS */;
/*!40101 SET COLLATION_CONNECTION=@OLD_COLLATION_CONNECTION */;
/*!40111 SET SQL_NOTES=@OLD_SQL_NOTES */;

-- Dump completed on 2026-07-06 10:38:40
